ANTONIO,765138,52.7
JOSE,706051,58.3
MANUEL,658306,52.5
FRANCISCO,572088,54.1
JUAN,395559,53.7
DAVID,351437,25.7
JOSE ANTONIO,323063,44.1
JOSE LUIS,312302,47.8
JAVIER,297410,28.4
JESUS,295470,45.0
FRANCISCO JAVIER,290742,38.4
CARLOS,280014,34.8
DANIEL,273468,24.1
MIGUEL,263397,44.7
RAFAEL,254478,47.1
JOSE MANUEL,250869,41.7
PEDRO,250021,51.1
ALEJANDRO,236537,22.7
ANGEL,235230,48.3
MIGUEL ANGEL,229902,37.7
JOSE MARIA,225968,49.3
FERNANDO,217546,44.6
LUIS,214294,49.8
PABLO,195256,25.5
SERGIO,195251,23.4
JORGE,186046,29.9
ALBERTO,180391,32.2
JUAN CARLOS,163917,39.0
JUAN JOSE,160579,43.6
RAMON,141677,54.3
ENRIQUE,140667,46.4
DIEGO,140128,31.3
JUAN ANTONIO,139865,43.7
VICENTE,139046,55.3
ALVARO,135697,19.1
RAUL,134842,26.2
ADRIAN,131454,15.6
JOAQUIN,125614,50.9
IVAN,124529,20.3
ANDRES,124297,44.8
OSCAR,120586,28.5
RUBEN,119938,22.3
JUAN MANUEL,116759,40.7
SANTIAGO,116274,44.7
EDUARDO,111954,40.8
VICTOR,101940,27.5
ROBERTO,98900,34.9
JAIME,98348,39.2
FRANCISCO JOSE,95934,35.4
IGNACIO,92463,36.1
ALFONSO,92167,47.3
SALVADOR,90396,49.9
RICARDO,88324,44.8
MARIO,84764,23.5
JORDI,83353,34.2
EMILIO,82910,53.4
MARCOS,78152,23.1
JULIAN,76945,53.6
JULIO,75091,51.6
TOMAS,72139,51.4
AGUSTIN,71128,52.2
GUILLERMO,69017,32.2
GABRIEL,68162,36.9
JOSE MIGUEL,66157,39.3
FELIX,64777,55.0
JOSE RAMON,62330,47.0
MOHAMED,59414,32.3
GONZALO,58491,31.5
JOAN,57289,40.6
MARC,57214,16.8
MARIANO,53096,56.8
ISMAEL,52808,25.6
DOMINGO,52681,57.5
JOSEP,52048,51.0
CRISTIAN,51569,18.3
JUAN FRANCISCO,48767,40.5
ALFREDO,48219,48.7
NICOLAS,48067,32.7
SEBASTIAN,47610,47.5
JOSE CARLOS,46192,37.1
FELIPE,45948,51.7
SAMUEL,45567,18.0
HUGO,43960,8.6
MARTIN,43250,39.4
CESAR,42628,36.2
AITOR,42513,19.1
JOSE ANGEL,41288,38.7
JOSE IGNACIO,40801,43.3
GREGORIO,40230,57.9
VICTOR MANUEL,39737,33.8
HECTOR,38939,18.5
LUIS MIGUEL,37573,37.0
JOSE FRANCISCO,35804,42.0
JUAN LUIS,35393,41.4
LORENZO,35253,52.9
ALBERT,34014,28.5
CRISTOBAL,33818,49.2
ESTEBAN,33818,47.8
XAVIER,33572,28.6
EUGENIO,32559,56.7
IKER,32283,11.0
RODRIGO,31167,21.4
ANTONIO JOSE,31159,37.0
ALEX,30572,10.6
ARTURO,30416,42.4
BORJA,29253,19.5
VALENTIN,28278,51.7
JOSE JAVIER,28124,39.1
JESUS MARIA,27545,47.9
JUAN MIGUEL,27464,39.8
JAUME,27123,43.5
ANTONIO JESUS,26445,30.3
GERMAN,26265,41.5
LUCAS,26255,19.1
FRANCISCO MANUEL,25998,35.1
JONATHAN,25276,20.6
PEDRO JOSE,24856,39.8
JOSE VICENTE,24706,43.7
ADOLFO,24587,51.6
ISAAC,24352,28.9
PAU,24188,12.7
BENITO,23886,58.5
MOHAMMED,23561,33.4
MOISES,23233,33.7
ISIDRO,23188,54.8
JUAN RAMON,23102,44.2
ABEL,22602,29.3
JUAN PEDRO,22504,41.9
AHMED,22176,38.5
BERNARDO,22165,52.9
ERNESTO,21817,46.7
CHRISTIAN,21686,17.8
GERARDO,21627,50.8
AARON,21540,11.0
MANUEL JESUS,21256,33.4
SERGI,21227,18.4
MIKEL,21087,21.4
CARMELO,21064,52.9
PASCUAL,20981,56.1
IÑIGO,20494,25.9
FEDERICO,20318,51.1
ASIER,20214,18.2
ANTONIO MANUEL,19504,35.9
MIQUEL,19479,38.0
JOEL,19203,11.5
MARCELINO,19199,60.1
FRANCESC,19144,42.8
BARTOLOME,19141,55.7
ISRAEL,18698,25.5
ERIC,18419,13.1
MATEO,17811,32.0
JON,17806,20.9
ELOY,17769,38.7
JESUS MANUEL,17635,39.6
JOSE ALBERTO,17634,36.9
FERMIN,17597,54.4
LUIS ALBERTO,17342,38.2
GERARD,17265,17.2
AURELIO,17219,58.4
JUAN JESUS,17047,37.5
OMAR,17047,23.5
UNAI,16976,14.7
JONATAN,16969,22.9
BENJAMIN,16944,46.9
ORIOL,16724,17.5
PERE,16723,48.4
LLUIS,16169,44.1
JOSEP MARIA,16074,50.6
EUSEBIO,16072,59.6
IÑAKI,16028,32.0
ANTONI,15977,43.8
JACINTO,15732,58.2
POL,15504,9.8
PEDRO ANTONIO,15459,42.5
DARIO,15313,20.7
VICTORIANO,15312,60.6
CARLES,15223,31.7
ELIAS,15222,43.0
CARLOS ALBERTO,15050,37.5
ARNAU,14975,10.5
JOSE ENRIQUE,14857,41.4
MARCO ANTONIO,14815,32.9
JERONIMO,14636,52.0
ANGEL LUIS,14610,41.4
JUAN PABLO,14583,32.0
MATIAS,14540,47.5
ROGER,14358,20.7
JUAN IGNACIO,14212,41.4
KEVIN,14210,13.1
ISIDORO,14121,57.9
TEODORO,14119,61.2
DIONISIO,13890,59.9
ADRIA,13718,12.8
BRUNO,13688,21.7
CANDIDO,13626,59.4
FLORENCIO,13582,61.6
FRANCISCO JESUS,13425,31.8
BLAS,13393,54.8
JUSTO,13379,59.0
ROMAN,13292,45.5
GUSTAVO,13220,36.6
JOSE JUAN,13137,43.0
SANTOS,13019,56.4
JUAN BAUTISTA,13013,53.2
MANUEL ANGEL,12858,42.1
LUIS FERNANDO,12740,41.1
ARMANDO,12724,47.6
SAID,12706,34.4
ALEXANDER,12493,23.6
DAMIAN,12463,38.6
GINES,12384,50.3
ALONSO,12377,37.6
LUIS MANUEL,12376,38.6
EMILIANO,12241,59.3
IZAN,12219,4.1
GUILLEM,12191,15.8
CARLOS JAVIER,12079,34.4
ENRIC,12039,38.1
FAUSTINO,11946,60.2
PEDRO LUIS,11922,43.3
SERAFIN,11894,57.6
ION,11855,38.2
XABIER,11795,22.1
GORKA,11769,23.2
ANDER,11711,16.0
FERRAN,11688,25.0
RACHID,11562,32.6
JUAN MARIA,11559,48.3
GHEORGHE,11552,42.4
MARCO,11524,15.8
JOSE JOAQUIN,11475,43.2
VASILE,11339,40.1
IOAN,11165,41.8
LEONARDO,11056,43.9
ABRAHAM,11027,21.8
FIDEL,10910,55.2
JOSE DAVID,10885,26.9
EDUARD,10878,29.3
MAXIMO,10876,56.0
RAMIRO,10766,53.8
SAUL,10758,16.6
AMADOR,10673,56.2
ROGELIO,10428,56.2
MARTI,10254,18.8
CLAUDIO,10207,51.6
LUCIANO,10197,57.4
JULIO CESAR,10193,38.5
LUIS MARIA,10182,50.2
LUIS ANTONIO,10114,44.0
JOSE ANDRES,10027,40.7
FRANCISCO ANTONIO,9974,40.8
FLORENTINO,9955,62.1
JESUS ANGEL,9913,41.5
EMILIO JOSE,9908,31.4
MODESTO,9870,60.0
YOUSSEF,9779,23.3
MUSTAPHA,9621,36.6
LUIS ANGEL,9566,41.8
SIMON,9426,43.5
MANUEL ANTONIO,9417,44.3
JOAQUIM,9407,47.5
PAULINO,9289,60.0
ILDEFONSO,9242,54.9
ALI,9166,32.9
AVELINO,9121,61.2
EDGAR,9096,19.2
ALEIX,9063,13.5
SATURNINO,9062,63.6
CELESTINO,9040,60.3
CONSTANTINO,8980,57.6
YERAY,8967,13.1
ELADIO,8880,59.2
PEDRO MANUEL,8873,39.6
ALEXANDRE,8825,24.5
ADAM,8786,8.3
JUAN DIOS,8780,45.6
JAIRO,8779,18.5
FRANCISCO MIGUEL,8736,36.8
JOSE FERNANDO,8692,43.1
IGOR,8675,29.4
JULEN,8673,14.6
RUFINO,8656,62.0
CONSTANTIN,8523,39.7
LEANDRO,8389,48.7
JUAN VICENTE,8333,44.1
EZEQUIEL,8331,35.3
JACOBO,8216,25.7
ENEKO,8201,15.9
MANUEL JOSE,8188,43.4
HASSAN,8178,37.2
CARLOS MANUEL,8170,37.1
ROBERT,7997,35.7
ANTONIO LUIS,7903,41.4
ANDREU,7866,28.0
PEDRO MARIA,7818,52.2
ALEXIS,7800,22.4
ANTONIO MIGUEL,7795,38.9
JUAN ANDRES,7792,39.8
ANTONIO JAVIER,7725,34.0
JOSE DANIEL,7718,31.3
ERIK,7702,11.1
OLIVER,7697,20.7
CLEMENTE,7667,57.7
JUAN DIEGO,7659,29.3
LUIS JAVIER,7651,39.4
FELICIANO,7641,61.7
GASPAR,7633,54.0
JORGE LUIS,7580,36.6
LUIS CARLOS,7533,40.3
BASILIO,7529,57.8
HILARIO,7404,60.2
JAN,7404,14.3
PEDRO JESUS,7382,36.0
CAYETANO,7344,48.9
RAIMUNDO,7337,57.2
MARIAN,7295,35.2
NICOLAE,7272,38.8
JUAN ANGEL,7189,42.9
EVARISTO,7127,58.9
ANGEL MANUEL,6967,38.4
JOSUE,6958,21.7
NESTOR,6957,26.7
FABIAN,6828,34.9
MARCIAL,6790,56.5
BENIGNO,6787,62.0
FLORIN,6776,31.8
KHALID,6736,30.9
ELISEO,6721,57.9
LAUREANO,6706,58.7
MARCELO,6695,47.7
FRANCESC XAVIER,6659,40.9
MANEL,6622,32.2
SEGUNDO,6616,63.1
NARCISO,6585,58.7
IMANOL,6555,24.7
RICARD,6547,33.0
CECILIO,6495,58.6
ABDELKADER,6479,40.8
BERNARDINO,6440,59.1
MUHAMMAD,6349,33.0
ABDELLAH,6305,36.4
PATRICIO,6271,50.0
JUAN ALBERTO,6207,35.9
VALERIANO,6199,60.5
DEMETRIO,6156,60.8
ANDONI,6146,25.2
ANGEL MARIA,6124,48.1
JESUS ANTONIO,6117,44.3
LEOPOLDO,6098,54.9
MICHAEL,5978,35.7
CESAREO,5960,60.3
JOSEBA,5919,28.7
FERNANDO JOSE,5888,37.1
JOSU,5874,26.7
LUIS ENRIQUE,5860,37.1
ROBERTO CARLOS,5854,29.6
ANASTASIO,5842,64.0
CAMILO,5803,53.0
CIPRIANO,5741,62.0
MAURICIO,5695,43.9
LUCIO,5686,61.7
PEDRO PABLO,5666,40.4
HICHAM,5630,27.0
MARCEL,5555,29.4
ARITZ,5546,17.7
ABDELAZIZ,5499,37.1
ANTONIO FRANCISCO,5462,40.3
FRANCISCO LUIS,5462,42.5
MIHAI,5440,36.4
BRAHIM,5421,32.9
BIENVENIDO,5392,57.6
RODOLFO,5382,51.3
ANSELMO,5373,58.6
TEOFILO,5349,64.0
OCTAVIO,5320,49.4
IAGO,5313,13.9
EULOGIO,5309,60.9
STEFAN,5301,37.5
BALTASAR,5298,56.1
YAGO,5283,11.6
CASIMIRO,5256,62.5
AMADEO,5245,57.7
MAURO,5199,24.9
BERNABE,5193,52.4
IBAI,5185,12.1
PLACIDO,5158,58.7
ALEXANDRU,5080,32.3
PEDRO MIGUEL,5076,39.6
PEDRO JAVIER,5069,33.8
BERNAT,5044,19.8
LAZARO,5039,53.2
BRIAN,5032,23.0
CELSO,4961,56.9
FULGENCIO,4938,57.2
IAN,4911,13.8
BRAIS,4880,11.0
NIL,4878,8.1
MARIUS,4873,30.7
BALDOMERO,4867,58.2
HERMINIO,4856,60.4
JOSE FELIX,4829,44.9
MAXIMINO,4827,61.1
JOSE PEDRO,4824,43.2
CARLOS JOSE,4788,37.4
ROQUE,4780,51.0
HAMID,4761,35.0
ABDERRAHIM,4707,32.9
DUMITRU,4679,41.2
PAUL,4679,33.8
JOSE GABRIEL,4660,38.0
BIEL,4632,4.6
JESUS MIGUEL,4583,38.8
AQUILINO,4580,59.7
BONIFACIO,4577,63.0
MANUEL FRANCISCO,4559,44.0
FRANCISCO BORJA,4553,30.4
GUMERSINDO,4550,61.9
LUIS FRANCISCO,4548,39.7
ABDESLAM,4526,43.6
MANUEL ALEJANDRO,4505,25.9
FABIO,4503,23.8
ANTON,4500,26.2
BILAL,4498,12.3
JOSE RAFAEL,4489,43.5
VICTORINO,4486,64.5
OIER,4440,10.1
ALAN,4397,24.9
IONEL,4382,37.4
HIPOLITO,4373,61.1
JOSE DOMINGO,4373,44.3
HAMZA,4348,12.9
ELEUTERIO,4339,63.3
MARINO,4338,57.0
VIDAL,4334,56.2
JUAN ENRIQUE,4310,41.3
DIDAC,4305,15.2
IGNASI,4284,30.3
NORBERTO,4277,49.2
FRANCISCO ASIS,4210,39.9
AIMAR,4209,6.6
MELCHOR,4209,56.0
DRISS,4199,38.4
ARSENIO,4196,61.0
ROSENDO,4186,57.7
KARIM,4175,25.2
JESUS JAVIER,4162,38.9
ORLANDO,4159,43.1
JUAN DAVID,4156,20.7
VIRGILIO,4133,59.3
HIGINIO,4114,60.6
JORGE JUAN,4113,38.6
ADAN,4093,19.3
AYOUB,4067,9.4
LUIS ALFONSO,4062,39.7
MARKEL,4061,8.3
ALBERTO JOSE,4042,34.7
SEVERINO,4002,63.0
VICENTE JOSE,3996,42.4
URBANO,3980,62.1
PABLO JOSE,3970,30.5
MAMADOU,3964,32.8
PETER,3960,53.0
JAMAL,3948,31.5
VICTOR JOSE,3926,33.2
CARLOS ENRIQUE,3915,40.3
JUAN FERNANDO,3890,40.7
AUGUSTO,3889,52.9
ANIBAL,3868,41.9
JOSE PABLO,3861,36.8
JUAN GABRIEL,3855,31.5
CEFERINO,3854,61.2
NOEL,3844,20.4
VENANCIO,3842,61.9
VIOREL,3832,39.4
ANTONIO MARIA,3825,48.2
PELAYO,3791,20.8
ALAIN,3771,22.1
INOCENCIO,3769,63.0
JOSE ALEJANDRO,3768,31.2
BAUTISTA,3762,65.1
JOSE TOMAS,3760,43.6
JOHN,3759,52.8
AZIZ,3753,31.8
JOSE JESUS,3704,44.9
ABELARDO,3698,56.0
MAXIMILIANO,3693,49.7
MARCOS ANTONIO,3667,34.8
CARLOS ANTONIO,3638,38.3
PRIMITIVO,3636,64.6
GUSTAVO ADOLFO,3604,36.1
JOSE ALFONSO,3564,44.1
JOSE EMILIO,3564,45.5
VICENT,3562,27.1
IBRAHIM,3530,18.9
DENIS,3525,16.6
IBON,3512,25.2
ISAIAS,3483,45.5
JOSE EDUARDO,3467,41.5
GENARO,3463,58.5
MARIA CARMEN,681108,51.1
MARIA,668112,49.3
CARMEN,447130,59.5
JOSEFA,325874,64.1
ISABEL,296241,54.2
ANA MARIA,281533,45.4
MARIA DOLORES,273002,51.1
MARIA PILAR,271733,51.2
MARIA TERESA,263124,51.3
ANA,261346,41.9
LAURA,248233,23.3
FRANCISCA,246861,60.9
ANTONIA,239751,60.8
DOLORES,236302,63.4
MARIA ANGELES,234432,49.6
CRISTINA,231232,28.0
MARTA,214500,24.4
MARIA JOSE,207548,39.6
MARIA ISABEL,207464,46.3
PILAR,174329,59.9
MARIA LUISA,174308,55.8
LUCIA,171879,22.5
CONCEPCION,170264,61.5
ELENA,158990,34.5
MERCEDES,158309,56.9
MANUELA,157945,58.5
ROSA MARIA,149558,45.5
RAQUEL,148548,29.9
SARA,148532,21.6
MARIA JESUS,145275,49.4
PAULA,141508,17.6
JUANA,140755,62.1
TERESA,140316,59.7
ROSARIO,140117,59.8
ENCARNACION,127327,59.0
BEATRIZ,125794,31.5
ROSA,122403,61.5
NURIA,120127,33.0
SILVIA,119620,30.0
MONTSERRAT,116853,48.8
JULIA,113804,45.2
PATRICIA,112909,25.6
IRENE,105473,24.3
MONICA,104073,31.3
ANDREA,102224,18.1
ROCIO,101163,24.5
ANGELA,100497,44.6
MARIA MAR,100228,36.7
MARGARITA,99877,55.4
SONIA,98578,30.7
SANDRA,97425,23.1
SUSANA,97249,35.6
ALICIA,96435,35.5
YOLANDA,94014,35.9
ALBA,93995,12.6
MARIA JOSEFA,93760,57.2
MARINA,92140,30.8
NATALIA,87259,23.4
MARIA ROSARIO,83246,53.0
INMACULADA,81999,37.5
ANGELES,80478,61.9
ESTHER,78890,36.1
MARIA MERCEDES,77338,49.0
ANA ISABEL,76535,36.4
EVA,76293,28.5
VERONICA,72035,27.1
AMPARO,71119,60.8
NOELIA,71064,21.9
MARIA ROSA,66784,55.3
MARIA VICTORIA,64998,46.6
MARIA CONCEPCION,63935,56.5
CAROLINA,63523,28.8
CLAUDIA,63319,13.8
EVA MARIA,62835,34.5
CATALINA,62521,58.4
CONSUELO,62334,63.0
VICTORIA,61441,49.0
LORENA,61325,21.7
ANA BELEN,60841,30.9
MARIA ANTONIA,60529,54.4
MARIA ELENA,60020,43.1
MIRIAM,58513,21.1
EMILIA,57398,62.5
NEREA,57392,13.5
LUISA,56817,63.0
INES,56587,37.7
MARIA NIEVES,54352,50.8
GLORIA,53058,50.3
LIDIA,53019,29.2
CARLA,52460,9.7
AURORA,51876,56.7
ESPERANZA,51320,56.5
JOSEFINA,51192,63.2
SOFIA,50701,22.3
MILAGROS,50409,58.6
OLGA,49812,39.6
CELIA,48131,33.9
MARIA SOLEDAD,47952,49.5
PURIFICACION,47225,60.6
MARIA CRISTINA,46501,42.8
VIRGINIA,45863,35.3
MARIA LUZ,45802,52.7
FATIMA,44068,31.6
LOURDES,43882,42.0
VANESA,42430,26.7
ALEJANDRA,41830,24.1
CLARA,41585,28.7
ANNA,41402,26.7
MAGDALENA,41229,58.3
BEGOÑA,40876,42.2
VICENTA,40375,67.3
ASUNCION,40176,63.0
MATILDE,39470,62.6
ISABEL MARIA,38680,36.1
MARIA BELEN,38520,39.5
ELISA,38510,48.4
ESTEFANIA,38500,25.4
REMEDIOS,38230,60.2
AINHOA,38224,14.9
ARACELI,37759,53.4
TRINIDAD,37570,62.2
MARIA ASUNCION,37473,54.4
MARIA PAZ,36859,52.2
ELVIRA,36812,57.9
MARIA BEGOÑA,36570,50.6
SOLEDAD,36170,55.9
NATIVIDAD,36165,60.5
GEMA,35126,29.2
BELEN,34919,28.7
BLANCA,34874,28.8
DANIELA,34581,16.0
MARIA ESTHER,34452,46.6
MARIA LOURDES,34421,48.2
FELISA,33941,68.5
ASCENSION,33697,61.8
TAMARA,33099,22.5
VANESSA,33093,27.1
NIEVES,32043,57.8
MARIA CRUZ,32041,54.3
GEMMA,31397,31.2
PALOMA,31384,33.2
RAFAELA,31371,60.9
REBECA,30559,23.9
ALMUDENA,30393,28.7
ADELA,30286,57.8
ADRIANA,30056,19.4
MARIA INMACULADA,28743,41.9
MARIA AMPARO,28532,47.7
AMALIA,28367,58.1
RAMONA,28304,65.2
NOEMI,28283,24.5
MIREIA,28095,20.5
MARIA EUGENIA,27999,42.8
AMELIA,27734,60.0
TANIA,27089,20.2
JOAQUINA,26536,65.1
JESSICA,26478,21.9
JUANA MARIA,25767,46.3
LEONOR,25054,59.0
PETRA,25023,67.5
MARTINA,24627,29.2
LAIA,24501,13.3
CARMEN MARIA,24127,30.4
MARIA ROCIO,23946,34.5
JULIANA,23651,64.4
DIANA,23609,23.5
MARIANA,23493,44.9
GUADALUPE,23134,51.7
BARBARA,22842,36.2
AGUSTINA,22753,63.1
ROSALIA,21808,57.1
LETICIA,21781,25.3
CECILIA,21688,47.0
ELISABET,20854,28.2
ADORACION,20637,60.7
MARIA ENCARNACION,20370,53.4
ARIADNA,20301,10.8
MARIA MAGDALENA,20025,48.2
CARLOTA,19806,17.4
JENNIFER,19639,19.9
MARIA FRANCISCA,19506,53.2
JUDITH,19438,19.5
ESTRELLA,19381,48.1
ESTER,19105,31.9
SHEILA,18641,18.5
JUDIT,18043,19.9
LEIRE,18016,15.6
EUGENIA,17877,59.0
VALENTINA,17580,47.6
MARIA GLORIA,17427,53.8
LARA,17407,15.4
EMMA,17369,20.7
MARIA MILAGROS,17324,55.0
RUTH,17296,27.2
SORAYA,17292,23.6
GABRIELA,17278,32.2
MARIA CONSUELO,17226,53.3
MARIA MONTSERRAT,17042,47.7
AITANA,17022,5.9
EULALIA,16883,59.8
MARIA YOLANDA,16810,43.4
HERMINIA,16802,64.4
BERTA,16727,26.5
ALEXANDRA,16611,21.6
ENRIQUETA,16561,66.5
AINARA,16092,12.7
AROA,15884,12.8
AIDA,15719,24.1
ELISABETH,15186,29.4
HELENA,15014,18.2
GREGORIA,15008,68.7
FLORENTINA,14696,60.8
PIEDAD,14562,61.9
AURELIA,14279,64.2
MARIA REYES,14179,44.4
MARIA REMEDIOS,14115,50.1
NADIA,13997,21.6
ERIKA,13824,16.9
MACARENA,13622,24.8
CANDIDA,13611,65.8
ESTELA,13393,22.5
MARIA ARANZAZU,13301,44.4
MIRIAN,13258,22.8
MARIA TRINIDAD,13139,45.6
ARANZAZU,12866,32.6
MARIA ESPERANZA,12783,49.3
NAIARA,12778,12.5
TATIANA,12672,25.9
AMAIA,12339,26.8
PAOLA,12316,14.4
YAIZA,12019,13.5
CANDELA,11977,7.7
SAGRARIO,11940,61.4
MAITE,11871,30.9
ITZIAR,11848,27.1
SARAY,11806,14.7
JOANA,11722,32.8
MERCE,11694,52.3
CARIDAD,11666,57.8
TOMASA,11615,69.4
AMANDA,11458,21.0
RITA,11400,52.1
TEODORA,11335,65.7
VALERIA,11262,12.7
ANA ROSA,11217,42.2
ELSA,11151,24.1
NOA,11120,4.6
FELICIDAD,11099,64.7
MARIA CARME,10991,52.4
BENITA,10986,67.9
MAR,10901,10.3
FILOMENA,10842,68.2
ANTONIA MARIA,10841,44.5
AFRICA,10814,29.7
AGUEDA,10777,53.9
ADELINA,10741,62.0
MARIA SOL,10691,45.7
MARIA MANUELA,10689,56.9
MERITXELL,10510,25.7
CONSOLACION,10481,56.9
CARME,10366,58.6
MARIA JULIA,10361,50.3
HORTENSIA,10315,65.1
DESIREE,10291,17.6
CANDELARIA,10282,58.6
MARIA INES,10234,47.3
ROSER,10183,48.6
NORA,10137,13.4
ELIZABETH,10132,32.2
AINA,10105,10.4
MARIA FERNANDA,10011,40.2
MARCELINA,9959,68.7
ELOISA,9953,58.1
MARIA GRACIA,9919,50.1
ADELAIDA,9914,58.5
MARIA ASCENSION,9763,53.2
MARIA CANDELARIA,9689,48.6
ESMERALDA,9672,35.8
NEUS,9667,29.2
LYDIA,9593,23.6
MARIA DOLORS,9559,56.0
FLORA,9355,63.8
ALBA MARIA,9302,16.1
ANA CRISTINA,9260,33.2
MARIA PURIFICACION,9254,57.4
VISITACION,9193,66.5
IRIS,9120,16.4
KHADIJA,8989,31.3
VIOLETA,8938,27.6
FERNANDA,8871,60.0
AMAYA,8866,32.0
MICAELA,8853,58.7
ANE,8793,13.1
MARIA SAGRARIO,8669,55.3
AZUCENA,8667,41.7
IRIA,8633,14.4
MONSERRAT,8574,41.1
MARIA PINO,8503,52.2
MARIA AURORA,8487,51.4
PAULINA,8483,60.7
REGINA,8428,54.3
AVELINA,8424,67.6
LEYRE,8331,11.1
ANNA MARIA,8287,45.5
ANGELA MARIA,8202,34.5
JENIFER,8139,20.1
FUENSANTA,8082,54.1
FLORENCIA,8078,63.4
ESTIBALIZ,8026,28.0
ELENA MARIA,8014,32.9
MARIA BLANCA,8010,52.6
ANABEL,8001,22.1
DOLORS,7978,65.4
VIRTUDES,7952,62.9
DELFINA,7832,66.0
MARIA SOCORRO,7812,60.2
SALVADORA,7805,62.5
JIMENA,7795,7.3
GISELA,7733,19.2
FELIPA,7721,70.0
SEBASTIANA,7698,64.1
JESUSA,7665,71.7
MARIA AUXILIADORA,7663,42.9
LUISA MARIA,7593,41.0
JUSTA,7542,68.8
GENOVEVA,7506,59.1
DELIA,7487,45.0
ROSA ANA,7474,37.8
MARIA VALLE,7450,45.0
PATROCINIO,7440,67.3
LOLA,7406,8.2
ELIA,7286,35.5
MARIA GUADALUPE,7269,47.3
MARIA PALOMA,7246,46.8
MARTA MARIA,7236,34.9
YASMINA,7200,16.6
MARIA LUCIA,7152,44.7
MARIA ESTRELLA,7096,50.4
ALFONSA,7086,64.0
NAZARET,7033,16.1
IRINA,7030,28.2
ANGELICA,7022,38.6
LORENZA,7022,66.8
PALMIRA,7011,64.7
ISIDORA,7009,66.4
ANGELINA,7004,59.6
AUREA,7003,63.9
ARANTXA,6988,23.0
MARISOL,6937,42.4
AICHA,6886,38.4
MARIA GEMA,6874,38.6
SABINA,6853,53.5
OBDULIA,6809,66.3
EDURNE,6808,26.9
MARIA ELISA,6803,49.2
MARIA ANGELS,6794,50.0
LAURA MARIA,6792,25.7
MARIA DESAMPARADOS,6737,51.4
NAIMA,6729,33.0
LILIANA,6705,34.8
LUZ MARIA,6643,36.1
MARIA VICENTA,6611,52.3
INES MARIA,6577,38.7
IDOIA,6567,31.7
DIONISIA,6564,69.1
MIHAELA,6532,31.6
MARIA CINTA,6527,54.1
INMACULADA CONCEPCION,6526,35.3
MARIA SONIA,6505,38.8
JACINTA,6503,66.8
FABIOLA,6493,35.0
MARIA OLGA,6481,50.7
AINOA,6478,13.4
MARIA NATIVIDAD,6468,56.3
ZAIRA,6466,11.7
OLIVIA,6464,25.8
DESAMPARADOS,6455,60.5
IRATI,6408,10.5
MODESTA,6352,68.1
INGRID,6345,26.3
BRIGIDA,6344,62.4
MARIA ANGELA,6332,54.2
RUFINA,6308,69.0
GRACIA,6231,57.1
NAYARA,6204,6.1
ROSANA,6177,30.4
IZASKUN,6081,33.0
REYES,6070,44.1
CARMEN ROSA,6045,47.1
CLOTILDE,6042,66.4
JESICA,6033,23.4
EVANGELINA,6021,60.7
ANGUSTIAS,5989,64.4
MARIA JUANA,5986,60.6
OTILIA,5970,65.5
JANA,5942,11.9
BIENVENIDA,5922,62.8
SOCORRO,5913,66.1
MARIA FATIMA,5911,41.7
EMILIANA,5903,68.8
BALBINA,5887,67.7
SALMA,5886,6.8
MARIONA,5878,13.8
CORAL,5856,21.1
MARIA BEATRIZ,5847,40.2
MARIA ANGUSTIAS,5805,51.2
MARIA ARACELI,5770,47.5
URSULA,5753,46.5
IRATXE,5747,24.5
GERTRUDIS,5736,62.8
DOMINGA,5730,65.6
MALIKA,5727,41.2
MAIDER,5675,19.8
MIREYA,5664,18.3
SAMIRA,5647,26.6
MARIA PIEDAD,5641,53.2
GEORGINA,5600,31.2
DEBORA,5536,23.7
LUNA,5458,9.6
TERESA JESUS,5433,49.2
ANASTASIA,5374,54.1
FELICIANA,5325,67.9
EUSEBIA,5323,70.3
JOSEFA MARIA,5310,50.6
IGNACIA,5261,68.7
YANIRA,5259,11.0
ENCARNA,5242,56.3
SONIA MARIA,5241,34.6
VICTORINA,5226,71.9
FATIHA,5216,35.2
MARIAM,5216,14.1
DAVINIA,5201,22.9
FELICITAS,5136,69.8
MARIA ALEJANDRA,5134,30.5
NAGORE,5122,21.0
ENGRACIA,5103,68.7
OLGA MARIA,5063,38.5
MARCELA,5052,48.9
MARIA NURIA,5034,46.1
ALEXIA,5023,10.7
INOCENCIA,5003,67.9
PRESENTACION,4967,67.2
RACHIDA,4967,36.3
NICOLASA,4941,68.1
ILUMINADA,4937,63.5
MARIA AZUCENA,4913,47.2
ABRIL,4910,4.9
AZAHARA,4883,17.1
MARIA CONSOLACION,4867,56.1
AMINA,4822,28.7
FAUSTINA,4802,68.3
SARAI,4764,19.1
MAIALEN,4749,13.3
SATURNINA,4738,71.0
GUILLERMINA,4730,59.2
CRISTINA MARIA,4706,28.9
MARIA RAQUEL,4705,43.6
KARIMA,4704,28.8
MARIBEL,4690,40.2
MARIA ELVIRA,4686,49.3
OLIVA,4684,65.4
MYRIAM,4679,28.6
SALUD,4675,59.9
FERMINA,4667,67.6
FRANCESCA,4662,51.6
CELESTINA,4632,67.7
GLORIA MARIA,4611,38.7
MARIA LAURA,4600,38.6
COVADONGA,4559,38.5
MARIA SALUD,4552,50.3
MARIA PRADO,4522,46.6
MARIA EVA,4518,44.5
SERAFINA,4485,65.9
AYA,4482,3.9
BASILISA,4464,71.2
MARIA ALICIA,4457,50.2
CONCEPCIO,4440,66.7
SAIDA,4406,32.1
ERICA,4398,21.3
MELANIA,4380,24.1
PASCUALA,4372,68.2
MARIA MERCE,4362,48.8
MIREN,4343,32.9
SACRAMENTO,4341,61.3
SILVIA MARIA,4316,32.4
SANDRA MARIA,4292,30.1
MARIA CELIA,4286,53.0
MARIA FE,4281,50.4
LUZ MARINA,4260,42.9
MINERVA,4208,22.0
LAILA,4206,22.7
JULIA MARIA,4191,39.7
OLATZ,4188,23.7
MARIA EMILIA,4170,48.3
ANTIA,4159,11.2
GEMA MARIA,4133,29.7
MARIA ALMUDENA,4133,39.3
VICTORIA EUGENIA,4121,37.0
BENEDICTA,4085,68.5
PASTORA,4081,56.8
ANAIS,4079,14.1
NAROA,4045,9.3
LORETO,4039,39.1
FRANCISCA MARIA,4035,43.9