EUGENIA,Cárdenas,1,Gerencia 3
AMPARO,Canchari,2,Gerencia 2
GUILLERMO,Contreras,3,Gerencia 4
DAVID,Bustos,4,Gerencia 2
DELIA,Carrizo,5,Gerencia 2
PAULINO,Cortés,6,Gerencia 4
SILVESTRE,Bustamante,7,Gerencia 3
CRISTÓBAL,Espinoza,8,Gerencia 2
JUANA,Bravo,9,Gerencia 3
TIMOTEO,Bustos,10,Gerencia 5
ROGELIO,Benítez,11,Gerencia 1
PALOMA,Espinoza,12,Gerencia 4
EMANUEL,Cabrera,13,Gerencia 1
EVARISTO,Bustos,14,Gerencia 4
HILDA,Cabrera,15,Gerencia 4
RENATO,Cortés,16,Gerencia 2
FLORA,Benítez,17,Gerencia 2
ANDRÉS,Barrios,18,Gerencia 1
JUDIT,Bustamante,19,Gerencia 4
TAMARA,Araya,20,Gerencia 2
NATÁN,Acosta,21,Gerencia 1
GUILLERMO,Aguirre,22,Gerencia 5
NURIA,Benítez,23,Gerencia 3
TAMARA,Acuña,24,Gerencia 3
BAUTISTA,Díaz,25,Gerencia 1
DIANA,Cortés,26,Gerencia 5
JAQUELINE,Bravo,27,Gerencia 3
PAULINO,Córdoba,28,Gerencia 3
BASILIO,Cardozo,29,Gerencia 2
KAREN,Agüero,30,Gerencia 1
TADEO,Cárdenas,31,Gerencia 1
ARACELI,Contreras,32,Gerencia 1
DAGOBERTO,Álvarez,33,Gerencia 5
RENÉ,Álvarez,34,Gerencia 4
SILVIA,Araya,35,Gerencia 1
ESTEBAN,Domínguez,36,Gerencia 2
DORA,Bravo,37,Gerencia 3
CRISTIÁN,Domínguez,38,Gerencia 5
BERTA,Díaz,39,Gerencia 5
JONATAN,Carrasco,40,Gerencia 5